iata_code,airport,municipality,iso_region,type,scheduled_service,latitude_deg,longitude_deg,elevation_ft,originating_domestic_passengers
ABE,Lehigh Valley International Airport,Allentown/Bethlehem,PA,medium_airport,yes,40.651773,-75.442797,393.0,31414.0
ABI,Abilene Regional Airport,Abilene,TX,medium_airport,yes,32.4113006592,-99.6819000244,1791.0,4624.0
ABQ,Albuquerque International Sunport,Albuquerque,NM,large_airport,yes,35.039976,-106.608925,5355.0,137221.0
ABR,Aberdeen Regional Airport,Aberdeen,SD,medium_airport,yes,45.449100494384766,-98.42179870605467,1302.0,1658.0
ABY,Southwest Georgia Regional Airport,Albany,GA,medium_airport,yes,31.532946,-84.196215,197.0,2131.0
ACK,Nantucket Memorial Airport,Nantucket,MA,medium_airport,yes,41.25310135,-70.06020355,47.0,5447.0
ACT,Waco Regional Airport,Waco,TX,medium_airport,yes,31.611299514770508,-97.23049926757812,516.0,3383.0
ACV,California Redwood Coast-Humboldt County Airport,Arcata/Eureka,CA,medium_airport,yes,40.978101,-124.109,221.0,7686.0
ACY,Atlantic City International Airport,Atlantic City,NJ,medium_airport,yes,39.456201,-74.577511,75.0,31811.0
AEX,Alexandria International Airport,Alexandria,LA,medium_airport,yes,31.325828,-92.546702,89.0,6034.0
AGS,Augusta Regional At Bush Field,Augusta,GA,medium_airport,yes,33.3699,-81.9645,144.0,17187.0
AIA,Alliance Municipal Airport,Alliance,NE,medium_airport,yes,42.052543,-102.803965,3931.0,90.0
ALB,Albany International Airport,Albany,NY,large_airport,yes,42.748299,-73.801697,285.0,89318.0
ALO,Waterloo Regional Airport,Waterloo,IA,medium_airport,yes,42.557098388671875,-92.40029907226562,873.0,914.0
ALS,San Luis Valley Regional Airport/Bergman Field,Alamosa,CO,medium_airport,yes,37.434898,-105.866997,7539.0,315.0
ALW,Walla Walla Regional Airport,Walla Walla,WA,medium_airport,yes,46.09489822,-118.288002,1194.0,2376.0
AMA,Rick Husband Amarillo International Airport,Amarillo,TX,medium_airport,yes,35.217857,-101.706444,3607.0,23877.0
AOO,Altoona Blair County Airport,Altoona,PA,medium_airport,yes,40.296398,-78.32,1503.0,87.0
APN,Alpena County Regional Airport,Alpena,MI,medium_airport,yes,45.0780983,-83.56030273,690.0,845.0
ART,Watertown International Airport,Watertown,NY,medium_airport,yes,43.991901,-76.021698,325.0,1494.0
ASE,Aspen-Pitkin County Airport (Sardy Field),Aspen,CO,medium_airport,yes,39.223202,-106.869003,7820.0,11174.0
ATL,Hartsfield Jackson Atlanta International Airport,Atlanta,GA,large_airport,yes,33.6367,-84.428101,1026.0,1088364.0
ATW,Appleton International Airport,Appleton,WI,medium_airport,yes,44.258515,-88.519,918.0,30300.0
ATY,Watertown Regional Airport,Watertown,SD,medium_airport,yes,44.91400146,-97.15470123,1749.0,337.0
AUG,Augusta State Airport,Augusta,ME,medium_airport,yes,44.320598602299995,-69.7973022461,352.0,189.0
AUS,Austin Bergstrom International Airport,Austin,TX,large_airport,yes,30.197535,-97.662015,542.0,520863.0
AUS,Austin Bergstrom International Airport,Austin,TX,large_airport,yes,30.197535,-97.662015,542.0,520863.0
AVL,Asheville Regional Airport,Asheville,NC,medium_airport,yes,35.435488,-82.541853,2165.0,54047.0
AVP,Wilkes-Barre/Scranton International Airport,Wilkes-Barre/Scranton,PA,medium_airport,yes,41.337064,-75.724232,962.0,13236.0
AZO,Kalamazoo/Battle Creek International Airport,Kalamazoo,MI,medium_airport,yes,42.232105,-85.549637,874.0,4849.0
BKG,Branson Airport,Branson,MO,medium_airport,yes,36.532082,-93.200544,1302.0,314.0
BDL,Bradley International Airport,Hartford,CT,large_airport,yes,41.938555,-72.688016,173.0,204954.0
BFD,Bradford Regional Airport,Bradford,PA,medium_airport,yes,41.8031005859375,-78.64009857177734,2143.0,32.0
BFF,Western Neb. Rgnl/William B. Heilig Airport,Scottsbluff,NE,medium_airport,yes,41.87400055,-103.5960007,3967.0,630.0
BFL,Meadows Field,Bakersfield,CA,medium_airport,yes,35.433601,-119.056999,510.0,9463.0
BGM,Greater Binghamton/Edwin A Link field,Binghamton,NY,medium_airport,yes,42.20869827,-75.97979736,1636.0,839.0
BGR,Bangor International Airport,Bangor,ME,medium_airport,yes,44.806364,-68.826668,192.0,19773.0
BHB,Hancock County-Bar Harbor Airport,Bar Harbor,ME,medium_airport,yes,44.45000076,-68.3615036,83.0,138.0
BHM,Birmingham-Shuttlesworth International Airport,Birmingham,AL,large_airport,yes,33.562877,-86.750712,650.0,83986.0
BIH,Eastern Sierra Regional Airport,Bishop,CA,medium_airport,yes,37.3731,-118.363998,4124.0,446.0
BIL,Billings Logan International Airport,Billings,MT,medium_airport,yes,45.808932,-108.541242,3652.0,22867.0
BIS,Bismarck Municipal Airport,Bismarck,ND,medium_airport,yes,46.772734,-100.746874,1661.0,16336.0
BJI,Bemidji Regional Airport,Bemidji,MN,medium_airport,no,47.50939941,-94.93370056,1391.0,1748.0
BKW,Raleigh County Memorial Airport,Beaver,WV,medium_airport,yes,37.7873,-81.124199,2504.0,191.0
BLI,Bellingham International Airport,Bellingham,WA,medium_airport,yes,48.79280090332031,-122.53800201416016,170.0,24288.0
BLV,Scott AFB/Midamerica Airport,Belleville,IL,medium_airport,yes,38.5452,-89.835197,459.0,14069.0
BMI,Central Illinois Regional Airport at Bloomington-Normal,Bloomington/Normal,IL,medium_airport,yes,40.4771,-88.915901,871.0,12387.0
BNA,Nashville International Airport,Nashville,TN,large_airport,yes,36.1245,-86.6782,599.0,456900.0
BOI,Boise Air Terminal/Gowen Field,Boise,ID,large_airport,yes,43.5644,-116.223,2871.0,138414.0
BOS,Boston Logan International Airport,Boston,MA,large_airport,yes,42.36197,-71.0079,20.0,919227.0
BPT,Jack Brooks Regional Airport,Beaumont/Port Arthur,TX,medium_airport,yes,29.9508,-94.020699,15.0,1744.0
BQK,Brunswick Golden Isles Airport,Brunswick,GA,medium_airport,yes,31.258801,-81.466499,26.0,1644.0
BRD,Brainerd Lakes Regional Airport,Brainerd,MN,medium_airport,yes,46.402861,-94.129727,1232.0,1484.0
BRL,Southeast Iowa Regional Airport,Burlington,IA,medium_airport,yes,40.783199310302734,-91.12550354003906,698.0,122.0
BRO,Brownsville South Padre Island International Airport,Brownsville,TX,medium_airport,yes,25.907238,-97.425235,22.0,7856.0
BTM,Bert Mooney Airport,Butte,MT,medium_airport,yes,45.95479965209961,-112.49700164794922,5550.0,1123.0
BTR,Baton Rouge Metropolitan Airport,Baton Rouge,LA,medium_airport,yes,30.533199,-91.149597,70.0,20059.0
BTV,Patrick Leahy Burlington International Airport,Burlington,VT,medium_airport,yes,44.471901,-73.153297,335.0,37383.0
BUF,Buffalo Niagara International Airport,Buffalo,NY,large_airport,yes,42.940498,-78.732201,728.0,136996.0
BUR,Hollywood Burbank/Bob Hope Airport,Burbank,CA,large_airport,yes,34.202834,-118.35805,778.0,186773.0
BWI,Baltimore/Washington International Thurgood Marshall Airport,Baltimore,MD,large_airport,yes,39.1754,-76.668297,146.0,510849.0
BZN,Bozeman Yellowstone International Airport,Bozeman,MT,medium_airport,yes,45.778853,-111.153711,4473.0,56730.0
CAE,Columbia Metropolitan Airport,Columbia,SC,medium_airport,yes,33.938172,-81.123022,236.0,30308.0
CAK,Akron Canton Regional Airport,Akron,OH,medium_airport,yes,40.91609954833984,-81.44219970703125,1228.0,19637.0
CDC,Cedar City Regional Airport,Cedar City,UT,medium_airport,yes,37.70100021362305,-113.0989990234375,5622.0,837.0
CDR,Chadron Municipal Airport,Chadron,NE,medium_airport,yes,42.837601,-103.095001,3297.0,34.0
CEZ,Cortez Municipal Airport,Cortez,CO,medium_airport,yes,37.303001,-108.627998,5918.0,105.0
CGI,Cape Girardeau Regional Airport,Cape Girardeau,MO,medium_airport,yes,37.2253,-89.570801,342.0,318.0
CHA,Chattanooga Metropolitan Airport (Lovell Field),Chattanooga,TN,medium_airport,yes,35.035301,-85.203796,683.0,27673.0
CHO,Charlottesville Albemarle Airport,Charlottesville,VA,medium_airport,yes,38.13859939575195,-78.4529037475586,639.0,16720.0
CHS,Charleston International Airport,Charleston,SC,large_airport,yes,32.896159,-80.038151,46.0,137380.0
CID,The Eastern Iowa Airport,Cedar Rapids,IA,medium_airport,yes,41.884701,-91.7108,869.0,41800.0
CIU,Chippewa County International Airport,Kincheloe,MI,medium_airport,yes,46.242038,-84.462082,800.0,1550.0
CKB,North Central West Virginia Airport,Bridgeport,WV,medium_airport,yes,39.2966,-80.228104,1217.0,3168.0
CLE,Cleveland Hopkins International Airport,Cleveland,OH,large_airport,yes,41.411701,-81.8498,791.0,285126.0
CLL,Easterwood Field,College Station,TX,medium_airport,yes,30.5886,-96.3638,320.0,3001.0
CLT,Charlotte Douglas International Airport,Charlotte,NC,large_airport,yes,35.2140007019043,-80.94309997558594,748.0,409225.0
CMH,John Glenn Columbus International Airport,Columbus,OH,large_airport,yes,39.998001,-82.891899,815.0,239533.0
CMI,University of Illinois Willard Airport,Savoy,IL,medium_airport,yes,40.039819,-88.276249,755.0,4179.0
CMX,Houghton County Memorial Airport,Hancock,MI,medium_airport,yes,47.168399810791016,-88.48909759521484,1095.0,1145.0
CNM,Cavern City Air Terminal,Carlsbad,NM,medium_airport,yes,32.337501525878906,-104.26300048828124,3295.0,43.0
CNY,Canyonlands Regional Airport,Moab,UT,medium_airport,yes,38.755001,-109.754997,4557.0,728.0
COD,Yellowstone Regional Airport,Cody,WY,medium_airport,yes,44.520199,-109.024002,5102.0,1807.0
COS,City of Colorado Springs Municipal Airport,Colorado Springs,CO,large_airport,yes,38.805801,-104.700996,6187.0,65947.0
COU,Columbia Regional Airport,Columbia,MO,medium_airport,yes,38.8181,-92.219597,889.0,5075.0
CPR,Casper-Natrona County International Airport,Casper,WY,medium_airport,yes,42.907381,-106.461609,5350.0,4380.0
CRP,Corpus Christi International Airport,Corpus Christi,TX,medium_airport,yes,27.770399,-97.501198,44.0,19386.0
CRW,Yeager Airport,Charleston,WV,medium_airport,yes,38.3731,-81.593201,981.0,10526.0
CSG,Columbus Airport,Columbus,GA,medium_airport,yes,32.516415,-84.939602,397.0,4440.0
CVG,Cincinnati Northern Kentucky International Airport,Cincinnati / Covington,KY,large_airport,yes,39.048801,-84.667801,896.0,254412.0
CVN,Clovis Municipal Airport,Clovis,NM,medium_airport,yes,34.426594,-103.078794,4216.0,228.0
CWA,Central Wisconsin Airport,Mosinee,WI,medium_airport,yes,44.777448,-89.670238,1277.0,4981.0
CYS,Cheyenne Regional Jerry Olson Field,Cheyenne,WY,medium_airport,yes,41.155701,-104.811997,6159.0,1224.0
DAB,Daytona Beach International Airport,Daytona Beach,FL,medium_airport,yes,29.18255,-81.059464,34.0,15388.0
DAL,Dallas Love Field,Dallas,TX,large_airport,yes,32.844776,-96.847653,487.0,327518.0
DAY,James M. Cox Dayton International Airport,Dayton,OH,medium_airport,yes,39.902401,-84.219398,1009.0,34471.0
DBQ,Dubuque Regional Airport,Dubuque,IA,medium_airport,yes,42.402,-90.709503,1077.0,957.0
DCA,Ronald Reagan Washington National Airport,Washington,DC,large_airport,yes,38.8521,-77.037697,15.0,531181.0
DDC,Dodge City Regional Airport,Dodge City,KS,medium_airport,yes,37.76340103149414,-99.9655990600586,2594.0,319.0
DEC,Decatur Airport,Decatur,IL,medium_airport,yes,39.834598541259766,-88.8656997680664,682.0,442.0
DEN,Denver International Airport,Denver,CO,large_airport,yes,39.860027,-104.673792,5431.0,1138192.0
DFW,Dallas Fort Worth International Airport,Dallas-Fort Worth,TX,large_airport,yes,32.896801,-97.038002,607.0,859264.0
DHN,Dothan Regional Airport,Dothan,AL,medium_airport,yes,31.321300506591797,-85.44960021972656,401.0,2166.0
DIK,Dickinson Theodore Roosevelt Regional Airport,Dickinson,ND,medium_airport,yes,46.797533,-102.801905,2592.0,1353.0
DLH,Duluth International Airport,Duluth,MN,medium_airport,yes,46.841873,-92.198746,1428.0,8084.0
DRO,Durango La Plata County Airport,Durango,CO,medium_airport,yes,37.151501,-107.753998,6685.0,10113.0
DRT,Del Rio International Airport,Del Rio,TX,medium_airport,no,29.3742008209,-100.927001953,1002.0,1815.0
DSM,Des Moines International Airport,Des Moines,IA,large_airport,yes,41.534027,-93.656719,958.0,92967.0
DTW,Detroit Metropolitan Wayne County Airport,Detroit,MI,large_airport,yes,42.21377,-83.353786,645.0,589164.0
DUJ,DuBois Regional Airport,Dubois,PA,medium_airport,yes,41.17829895,-78.8986969,1817.0,72.0
DVL,Devils Lake Regional Airport,Devils Lake,ND,medium_airport,yes,48.115454,-98.908796,1456.0,289.0
EAR,Kearney Regional Airport,Kearney,NE,medium_airport,yes,40.727001,-99.006798,2131.0,1193.0
EAT,Pangborn Memorial Airport,Wenatchee,WA,medium_airport,yes,47.398899,-120.207001,1249.0,2530.0
EAU,Chippewa Valley Regional Airport,Eau Claire,WI,medium_airport,yes,44.86579895019531,-91.48429870605467,913.0,960.0
ECP,Northwest Florida Beaches International Airport,Panama City Beach,FL,medium_airport,yes,30.357106,-85.795414,69.0,32859.0
EGE,Eagle County Regional Airport,Eagle,CO,medium_airport,yes,39.64260101,-106.9179993,6548.0,7194.0
EKO,Elko Regional Airport,Elko,NV,medium_airport,yes,40.82490158081055,-115.79199981689452,5140.0,583.0
ELD,South Arkansas Regional Airport at Goodwin Field,El Dorado,AR,medium_airport,yes,33.221001,-92.813301,277.0,34.0
ELM,Elmira Corning Regional Airport,Elmira/Corning,NY,medium_airport,yes,42.1599006652832,-76.8916015625,954.0,5868.0
ELP,El Paso International Airport,El Paso,TX,large_airport,yes,31.809908,-106.375607,3959.0,125552.0
ERI,Erie International Tom Ridge Field,Erie,PA,medium_airport,yes,42.083127,-80.173867,732.0,4301.0
ESC,Delta County Airport,Escanaba,MI,medium_airport,yes,45.723199,-87.088623,609.0,1384.0
EUG,Eugene Airport,Eugene,OR,medium_airport,yes,44.124599,-123.211998,374.0,51096.0
EVV,Evansville Regional Airport,Evansville,IN,medium_airport,yes,38.0369987488,-87.5324020386,418.0,10134.0
EWN,Coastal Carolina Regional Airport,New Bern,NC,medium_airport,yes,35.0730018616,-77.04290008539999,18.0,4093.0
EWR,Newark Liberty International Airport,Newark,NJ,large_airport,yes,40.6894,-74.170545,18.0,919009.0
EYW,Key West International Airport,Key West,FL,medium_airport,yes,24.556119,-81.759579,3.0,18879.0
FAR,Hector International Airport,Fargo,ND,medium_airport,yes,46.9207,-96.815804,902.0,30695.0
FAT,Fresno Yosemite International Airport,Fresno,CA,large_airport,yes,36.775767,-119.718018,336.0,62639.0
FAY,Fayetteville Regional Airport - Grannis Field,Fayetteville,NC,medium_airport,yes,34.991199,-78.880302,189.0,10763.0
FLG,Flagstaff Pulliam Airport,Flagstaff,AZ,medium_airport,yes,35.139757,-111.669826,7014.0,4631.0
FLL,Fort Lauderdale Hollywood International Airport,Fort Lauderdale,FL,large_airport,yes,26.072599,-80.152702,9.0,605198.0
FLO,Florence Regional Airport,Florence,SC,medium_airport,yes,34.18539810180664,-79.7238998413086,146.0,1998.0
FNL,Northern Colorado Regional Airport,Loveland,CO,medium_airport,no,40.44969,-105.011272,5016.0,871.0
FNT,Bishop International Airport,Flint,MI,medium_airport,yes,42.969294,-83.743355,782.0,23509.0
FOD,Fort Dodge Regional Airport,Fort Dodge,IA,medium_airport,yes,42.552624,-94.191237,1156.0,57.0
FSD,Sioux Falls Regional Airport,Sioux Falls,SD,medium_airport,yes,43.585463,-96.741152,1429.0,40484.0
FSM,Fort Smith Regional Airport,Fort Smith,AR,medium_airport,yes,35.336601,-94.367401,469.0,3630.0
FWA,Fort Wayne International Airport,Fort Wayne,IN,medium_airport,yes,40.978896,-85.194465,814.0,25093.0
GCC,Northeast Wyoming Regional Airport,Gillette,WY,medium_airport,yes,44.3489,-105.539001,4365.0,1448.0
GCK,Garden City Regional Airport,Garden City,KS,medium_airport,yes,37.9275016785,-100.723999023,2891.0,1854.0
GDV,Dawson Community Airport,Glendive,MT,medium_airport,yes,47.137658,-104.80691,2458.0,26.0
GEG,Spokane International Airport,Spokane,WA,large_airport,yes,47.6199,-117.533997,2376.0,119839.0
GFK,Grand Forks International Airport,Grand Forks,ND,medium_airport,yes,47.949299,-97.176102,845.0,6148.0
GGG,East Texas Regional Airport,Longview,TX,medium_airport,yes,32.38399887084961,-94.71150207519533,365.0,1743.0
GGW,Glasgow Valley County Airport Wokal Field,Glasgow,MT,medium_airport,yes,48.212502,-106.614998,2296.0,11.0
GJT,Grand Junction Regional Airport,Grand Junction,CO,medium_airport,yes,39.126663,-108.529387,4858.0,12926.0
GLH,Mid Delta Regional Airport,Greenville,MS,medium_airport,yes,33.482899,-90.985603,131.0,70.0
GNV,Gainesville Regional Airport,Gainesville,FL,medium_airport,yes,29.6900997162,-82.2717971802,152.0,17281.0
FCA,Glacier Park International Airport,Kalispell,MT,medium_airport,yes,48.310501,-114.255997,2977.0,20575.0
GPT,Gulfport Biloxi International Airport,Gulfport,MS,medium_airport,yes,30.405582,-89.069836,28.0,13803.0
GRB,Austin Straubel International Airport,Green Bay,WI,medium_airport,yes,44.483459,-88.130805,695.0,19193.0
GRI,Central Nebraska Regional Airport,Grand Island,NE,medium_airport,yes,40.967498779296875,-98.30960083007812,1847.0,4666.0
GRK,Killeen Regional Airport / Robert Gray Army Airfield,Fort Cavazos,TX,medium_airport,yes,31.0672,-97.828903,1015.0,6561.0
GRR,Gerald R. Ford International Airport,Grand Rapids,MI,large_airport,yes,42.880798,-85.522797,794.0,118884.0
GSO,Piedmont Triad International Airport,Greensboro,NC,large_airport,yes,36.09937,-79.937262,925.0,48146.0
GSP,Greenville-Spartanburg International Airport,Greenville/Greer/Spartanburg,SC,medium_airport,yes,34.895699,-82.218903,964.0,65465.0
GTF,Great Falls International Airport,Great Falls,MT,medium_airport,yes,47.481998,-111.371002,3680.0,9086.0
GTR,Golden Triangle Regional Airport,Columbus/W Point/Starkville,MS,medium_airport,yes,33.450298,-88.5914,264.0,2377.0
GUC,Gunnison Crested Butte Regional Airport,Gunnison,CO,medium_airport,yes,38.534672,-106.934566,7680.0,1739.0
HDN,Yampa Valley Airport,Hayden,CO,medium_airport,yes,40.481201,-107.218002,6606.0,7225.0
HGR,Hagerstown Regional Richard A Henson Field,Hagerstown,MD,medium_airport,yes,39.708771,-77.728014,703.0,2608.0
HIB,Range Regional Airport,Hibbing,MN,medium_airport,yes,47.384831,-92.836905,1354.0,1026.0
HLN,Helena Regional Airport,Helena,MT,medium_airport,yes,46.6068,-111.983002,3877.0,5166.0
HOB,Lea County Regional Airport,Hobbs,NM,medium_airport,yes,32.6875,-103.217003,3661.0,1061.0
HOT,Memorial Field Airport,Hot Springs,AR,medium_airport,yes,34.4788,-93.096262,540.0,34.0
HOU,William P. Hobby Airport,Houston,TX,large_airport,yes,29.645336,-95.276812,46.0,252999.0
HPN,Westchester County Airport,White Plains,NY,medium_airport,yes,41.06700134277344,-73.70760345458984,439.0,67206.0
HRL,Valley International Airport,Harlingen,TX,medium_airport,yes,26.228500366210938,-97.65440368652344,36.0,27787.0
HRO,Boone County Airport,Harrison,AR,medium_airport,yes,36.26150131225586,-93.15470123291016,1365.0,51.0
HSV,Huntsville International Airport,Huntsville,AL,medium_airport,yes,34.636244,-86.774378,629.0,34893.0
HTS,Tri-State Airport / Milton J. Ferguson Field,Huntington,WV,medium_airport,yes,38.366699,-82.557999,828.0,7058.0
HVN,Tweed New Haven Airport,New Haven,CT,medium_airport,yes,41.262869,-72.887694,12.0,29911.0
HVR,Havre City County Airport,Havre,MT,medium_airport,yes,48.541387,-109.762859,2591.0,16.0
HHH,Hilton Head Airport,Hilton Head Island,SC,medium_airport,yes,32.2244,-80.697502,19.0,4785.0
HYA,Cape Cod Gateway Airport,Hyannis,MA,medium_airport,yes,41.6693,-70.280403,54.0,587.0
HYS,Hays Regional Airport,Hays,KS,medium_airport,yes,38.844521,-99.273148,1999.0,472.0
IAD,Washington Dulles International Airport,Dulles,VA,large_airport,yes,38.9445,-77.455803,312.0,275957.0
IAG,Niagara Falls International Airport,Niagara Falls,NY,medium_airport,yes,43.1073,-78.946198,589.0,4752.0
IAH,George Bush Intercontinental Airport,Houston,TX,large_airport,yes,29.9844,-95.3414,97.0,606033.0
ICT,Wichita Dwight D. Eisenhower National Airport,Wichita,KS,medium_airport,yes,37.650314,-97.428583,1333.0,48702.0
IDA,Idaho Falls Regional Airport,Idaho Falls,ID,medium_airport,yes,43.514599,-112.070999,4744.0,18877.0
ILG,Wilmington Airport,Wilmington,DE,medium_airport,yes,39.678699,-75.606499,80.0,453.0
ILM,Wilmington International Airport,Wilmington,NC,medium_airport,yes,34.272345,-77.905117,32.0,32469.0
IMT,Ford Airport,Kingsford,MI,medium_airport,yes,45.81911,-88.114557,1182.0,1237.0
IND,Indianapolis International Airport,Indianapolis,IN,large_airport,yes,39.7173,-86.294403,797.0,278800.0
INL,Falls International Airport,International Falls,MN,medium_airport,yes,48.566200256347656,-93.4030990600586,1185.0,535.0
IPL,Imperial County Airport,Imperial,CA,medium_airport,yes,32.83539,-115.574026,-54.0,221.0
IRK,Kirksville Regional Airport,Kirksville,MO,medium_airport,yes,40.09349822998047,-92.5448989868164,966.0,108.0
ISP,Long Island MacArthur Airport,Islip,NY,medium_airport,yes,40.796324,-73.101703,99.0,48425.0
ITH,Ithaca Tompkins Regional Airport,Ithaca,NY,medium_airport,yes,42.49100112915039,-76.4583969116211,1099.0,3654.0
AZA,Mesa Gateway Airport,Mesa,AZ,medium_airport,yes,33.3078,-111.654999,1382.0,45373.0
IWD,Gogebic Iron County Airport,Ironwood,MI,small_airport,yes,46.525298,-90.131578,1230.0,109.0
JAC,Jackson Hole Airport,Jackson,WY,medium_airport,yes,43.6073,-110.737999,6451.0,14088.0
JAN,Jackson-Medgar Wiley Evers International Airport,Jackson,MS,medium_airport,yes,32.311199,-90.075897,346.0,38716.0
JAX,Jacksonville International Airport,Jacksonville,FL,large_airport,yes,30.492469,-81.687813,30.0,187142.0
JBR,Jonesboro Municipal Airport,Jonesboro,AR,medium_airport,yes,35.83169937133789,-90.64640045166016,262.0,1.0
JFK,John F. Kennedy International Airport,New York,NY,large_airport,yes,40.639447,-73.779317,13.0,763958.0
JLN,Joplin Regional Airport,Joplin,MO,medium_airport,yes,37.151798,-94.498299,981.0,854.0
JMS,Jamestown Regional Airport,Jamestown,ND,medium_airport,yes,46.92969894,-98.67819977,1500.0,522.0
USA,Concord-Padgett Regional Airport,Concord,NC,medium_airport,yes,35.387798,-80.709099,705.0,8996.0
JST,John Murtha Johnstown Cambria County Airport,Johnstown,PA,medium_airport,yes,40.31610107421875,-78.83390045166016,2284.0,299.0
LAN,Capital Region International Airport,Lansing,MI,medium_airport,yes,42.777582,-84.585721,861.0,5062.0
LAR,Laramie Regional Airport,Laramie,WY,medium_airport,yes,41.31209945678711,-105.6750030517578,7284.0,1023.0
LAS,Harry Reid International Airport,Las Vegas,NV,large_airport,yes,36.083361,-115.151817,2181.0,829770.0
LAW,Lawton Fort Sill Regional Airport,Lawton,OK,medium_airport,yes,34.567699,-98.416603,1110.0,2523.0
LAX,Los Angeles International Airport,Los Angeles,CA,large_airport,yes,33.942501,-118.407997,125.0,1324394.0
LBB,Lubbock Preston Smith International Airport,Lubbock,TX,medium_airport,yes,33.663601,-101.822998,3282.0,32223.0
LBE,Arnold Palmer Regional Airport,Latrobe,PA,medium_airport,yes,40.275902,-79.4048,1199.0,10387.0
LBF,North Platte Regional Airport Lee Bird Field,North Platte,NE,medium_airport,yes,41.12620163,-100.6839981,2777.0,710.0
LBL,Liberal Mid-America Regional Airport,Liberal,KS,medium_airport,yes,37.0442009,-100.9599991,2885.0,367.0
LCH,Lake Charles Regional Airport,Lake Charles,LA,medium_airport,yes,30.126100540161133,-93.22329711914062,15.0,3987.0
LCK,Rickenbacker International Airport,Columbus,OH,medium_airport,yes,39.813801,-82.927803,744.0,12800.0
LEB,Lebanon Municipal Airport,Lebanon,NH,medium_airport,yes,43.626098632799994,-72.30419921880001,603.0,195.0
LEX,Blue Grass Airport,Lexington,KY,medium_airport,yes,38.035066,-84.606738,979.0,36611.0
LFT,Lafayette Regional Airport,Lafayette,LA,medium_airport,yes,30.205299,-91.987602,42.0,13897.0
LGA,LaGuardia Airport,New York,NY,large_airport,yes,40.777199,-73.872597,21.0,747533.0
LGB,Long Beach International Airport,Long Beach,CA,large_airport,yes,33.816523,-118.149891,60.0,100135.0
LIT,Bill & Hillary Clinton National Airport/Adams Field,Little Rock,AR,medium_airport,yes,34.729222,-92.223591,262.0,62186.0
LNK,Lincoln Airport,Lincoln,NE,medium_airport,yes,40.844882,-96.76178,1219.0,5328.0
LNS,Lancaster Airport,Lancaster,PA,medium_airport,yes,40.121700286865234,-76.29609680175781,403.0,29.0
LRD,Laredo International Airport,Laredo,TX,medium_airport,yes,27.5438,-99.461601,508.0,7732.0
LSE,La Crosse Regional Airport,La Crosse,WI,medium_airport,yes,43.879002,-91.256699,655.0,4091.0
LWB,Greenbrier Valley Airport,Lewisburg,WV,medium_airport,yes,37.857914,-80.400438,2302.0,259.0
LWS,Lewiston Nez Perce County Airport,Lewiston,ID,medium_airport,yes,46.3745002746582,-117.01499938964844,1442.0,2726.0
LYH,Lynchburg Regional Airport - Preston Glenn Field,Lynchburg,VA,medium_airport,yes,37.326698,-79.200401,938.0,5175.0
MAF,Midland International Air and Space Port,Midland,TX,medium_airport,yes,31.942499,-102.202003,2871.0,41017.0
MBL,Manistee County Blacker Airport,Manistee,MI,small_airport,yes,44.272707,-86.246495,621.0,185.0
MBS,MBS International Airport,Freeland,MI,medium_airport,yes,43.533181,-84.083104,668.0,4693.0
MCI,Kansas City International Airport,Kansas City,MO,large_airport,yes,39.301699,-94.713893,1026.0,305067.0
MCK,McCook Ben Nelson Regional Airport,McCook,NE,medium_airport,yes,40.207787,-100.592794,2583.0,34.0
MCN,Middle Georgia Regional Airport,Macon,GA,medium_airport,yes,32.69279861450195,-83.64920043945312,354.0,4.0
MCO,Orlando International Airport,Orlando,FL,large_airport,yes,28.429399490356445,-81.30899810791016,96.0,925518.0
MCW,Mason City Municipal Airport,Mason City,IA,medium_airport,yes,43.159801,-93.329716,1213.0,247.0
MDT,Harrisburg International Airport,Harrisburg,PA,medium_airport,yes,40.192838,-76.762333,310.0,41734.0
MDW,Chicago Midway International Airport,Chicago,IL,large_airport,yes,41.785999,-87.752403,620.0,389902.0
MEI,Key Field / Meridian Regional Airport,Meridian,MS,medium_airport,yes,32.3326,-88.7519,297.0,687.0
MEM,Memphis International Airport,Memphis,TN,large_airport,yes,35.043845,-89.97634,341.0,136518.0
MFE,McAllen Miller International Airport,McAllen,TX,medium_airport,yes,26.176141,-98.237965,107.0,31799.0
MFR,Rogue Valley International-Medford Airport,Medford,OR,medium_airport,yes,42.374199,-122.873001,1335.0,33162.0
MGM,Montgomery Regional (Dannelly Field) Airport,Montgomery,AL,medium_airport,yes,32.300598,-86.393997,221.0,8483.0
MGW,Morgantown Municipal Airport Walter L. (Bill) Hart Field,Morgantown,WV,medium_airport,yes,39.643305,-79.917598,1248.0,69.0
MHK,Manhattan Regional Airport,Manhattan,KS,medium_airport,yes,39.14099884033203,-96.6707992553711,1057.0,4883.0
MHT,Manchester-Boston Regional Airport,Manchester,NH,medium_airport,yes,42.932598,-71.435699,266.0,45435.0
MIA,Miami International Airport,Miami,FL,large_airport,yes,25.796011,-80.289751,8.0,537910.0
MKE,General Mitchell International Airport,Milwaukee,WI,large_airport,yes,42.947201,-87.896599,723.0,184263.0
MKG,Muskegon County Airport,Muskegon,MI,medium_airport,yes,43.169498,-86.238197,629.0,566.0
MKL,McKellar-Sipes Regional Airport,Jackson,TN,medium_airport,yes,35.599899,-88.915604,434.0,14.0
MKT,Mankato Regional Airport,Mankato,MN,small_airport,no,44.224781,-93.919128,1021.0,2.0
MLB,Melbourne Orlando International Airport,Melbourne,FL,medium_airport,yes,28.102009,-80.641088,33.0,12633.0
MLI,Quad City International Airport,Moline,IL,medium_airport,yes,41.448502,-90.5075,590.0,18503.0
MLU,Monroe Regional Airport,Monroe,LA,medium_airport,yes,32.510899,-92.037697,79.0,5503.0
MOB,Mobile Regional Airport,Mobile,AL,medium_airport,yes,30.6912,-88.242798,219.0,14475.0
MOT,Minot International Airport,Minot,ND,medium_airport,yes,48.25801,-101.279123,1716.0,9446.0
MRY,Monterey Regional Airport,Monterey,CA,medium_airport,yes,36.586777,-121.844183,257.0,12168.0
MSL,Northwest Alabama Regional Airport,Muscle Shoals,AL,medium_airport,yes,34.745123,-87.612981,551.0,119.0
MSN,Dane County Regional Truax Field,Madison,WI,medium_airport,yes,43.1399,-89.337502,887.0,59253.0
MSO,Missoula Montana Airport,Missoula,MT,medium_airport,yes,46.915816,-114.091107,3206.0,24527.0
MSP,Minneapolis–Saint Paul International Airport / Wold–Chamberlain Field,Minneapolis,MN,large_airport,yes,44.880081,-93.221741,841.0,655028.0
MSS,Massena International Airport Richards Field,Massena,NY,medium_airport,yes,44.936157,-74.844304,215.0,56.0
MSY,Louis Armstrong New Orleans International Airport,New Orleans,LA,large_airport,yes,29.993401,-90.264673,4.0,290985.0
MTJ,Montrose Regional Airport,Montrose,CO,medium_airport,yes,38.5098,-107.893997,5759.0,10449.0
MVY,Martha's Vineyard Airport,Martha's Vineyard,MA,small_airport,yes,41.3931007385,-70.6143035889,67.0,3181.0
MWA,Veterans Airport of Southern Illinois,Marion,IL,medium_airport,yes,37.751208,-89.016568,472.0,237.0
MYR,Myrtle Beach International Airport,Myrtle Beach,SC,large_airport,yes,33.679699,-78.928299,25.0,72585.0
YUM,Yuma International Airport / Marine Corps Air Station Yuma,Yuma,AZ,medium_airport,yes,32.650938,-114.609375,213.0,5501.0
OAJ,Albert J Ellis Airport,Richlands,NC,medium_airport,yes,34.829201,-77.612099,94.0,9254.0
OAK,Oakland San Francisco Bay Airport,Oakland,CA,large_airport,yes,37.720085,-122.221184,9.0,323701.0
OGD,Ogden Hinckley Airport,Ogden,UT,medium_airport,yes,41.195899963379,-112.0120010376,4473.0,904.0
OGS,Ogdensburg International Airport,Ogdensburg,NY,medium_airport,yes,44.6819,-75.4655,297.0,356.0
OKC,OKC Will Rogers World Airport,Oklahoma City,OK,large_airport,yes,35.393388,-97.598248,1295.0,123232.0
OLF,L M Clayton Airport,Wolf Point,MT,medium_airport,yes,48.094501,-105.574997,1986.0,16.0
OMA,Eppley Airfield,Omaha,NE,large_airport,yes,41.3032,-95.894096,984.0,143820.0
ONT,Ontario International Airport,Ontario,CA,large_airport,yes,34.056,-117.600998,944.0,189781.0
ORD,Chicago O'Hare International Airport,Chicago,IL,large_airport,yes,41.9786,-87.9048,680.0,1085583.0
ORF,Norfolk International Airport,Norfolk,VA,large_airport,yes,36.895341,-76.201,26.0,128071.0
ORH,Worcester Regional Airport,Worcester,MA,medium_airport,yes,42.2673,-71.875702,1009.0,6378.0
OTH,Southwest Oregon Regional Airport,North Bend,OR,medium_airport,yes,43.41709899902344,-124.24600219726562,17.0,725.0
OWB,Owensboro Daviess County Airport,Owensboro,KY,medium_airport,yes,37.74010086,-87.16680145,407.0,1094.0
PAE,Seattle Paine Field International Airport,Everett,WA,medium_airport,yes,47.9063,-122.281998,606.0,20336.0
PAH,Barkley Regional Airport,Paducah,KY,medium_airport,yes,37.06079864501953,-88.7738037109375,410.0,639.0
PBG,Plattsburgh International Airport,Plattsburgh,NY,medium_airport,yes,44.650902,-73.468102,234.0,5954.0
PBI,Palm Beach International Airport,West Palm Beach,FL,large_airport,yes,26.683201,-80.095596,19.0,182309.0
PDT,Eastern Oregon Regional Airport at Pendleton,Pendleton,OR,medium_airport,yes,45.695099,-118.841003,1497.0,34.0
PDX,Portland International Airport,Portland,OR,large_airport,yes,45.588699,-122.598,31.0,447280.0
PGA,Page Municipal Airport,Page,AZ,medium_airport,yes,36.924234,-111.447716,4316.0,89.0
PGD,Punta Gorda Airport,Punta Gorda,FL,medium_airport,yes,26.9202,-81.990501,26.0,39514.0
PGV,Pitt-Greenville Airport,Greenville,NC,medium_airport,yes,35.635535,-77.384262,26.0,1916.0
PHF,Newport News Williamsburg International Airport,Newport News,VA,medium_airport,yes,37.131901,-76.492996,42.0,5086.0
PHL,Philadelphia International Airport,Philadelphia,PA,large_airport,yes,39.871899,-75.241096,36.0,612722.0
PHX,Phoenix Sky Harbor International Airport,Phoenix,AZ,large_airport,yes,33.435302,-112.005905,1135.0,868167.0
PIA,General Wayne A. Downing Peoria International Airport,Peoria,IL,medium_airport,yes,40.663841,-89.692631,660.0,21184.0
PIB,Hattiesburg Laurel Regional Airport,Moselle,MS,medium_airport,yes,31.4671,-89.337097,298.0,506.0
PIE,St. Petersburg Clearwater International Airport,Pinellas Park,FL,large_airport,yes,27.9102,-82.687401,11.0,53464.0
PIH,Pocatello Regional Airport,Pocatello,ID,medium_airport,yes,42.9098014831543,-112.59600067138672,4452.0,779.0
PIR,Pierre Regional Airport,Pierre,SD,medium_airport,yes,44.38270187,-100.2860031,1744.0,581.0
PIT,Pittsburgh International Airport,Pittsburgh,PA,large_airport,yes,40.491501,-80.232903,1203.0,258489.0
PKB,Mid Ohio Valley Regional Airport,Parkersburg (Williamstown),WV,medium_airport,yes,39.3451,-81.439201,858.0,140.0
PLN,Pellston Regional Airport of Emmet County Airport,Pellston,MI,medium_airport,yes,45.57089996,-84.79669952,721.0,1521.0
PNS,Pensacola International Airport,Pensacola,FL,large_airport,yes,30.472718,-87.186639,121.0,66827.0
PQI,Presque Isle International Airport,Presque Isle,ME,medium_airport,yes,46.688999,-68.0448,534.0,967.0
PRC,Prescott Regional Airport - Ernest A. Love Field,Prescott,AZ,medium_airport,yes,34.653502,-112.419883,5045.0,658.0
PSC,Tri Cities Airport,Pasco,WA,medium_airport,yes,46.264702,-119.119003,410.0,26623.0
PSM,Portsmouth International Airport at Pease,Portsmouth,NH,medium_airport,yes,43.0779,-70.823303,100.0,4366.0
PSP,Palm Springs International Airport,Palm Springs,CA,large_airport,yes,33.8297,-116.507004,477.0,60627.0
PUB,Pueblo Memorial Airport,Pueblo,CO,medium_airport,yes,38.289101,-104.497002,4726.0,491.0
PUW,Pullman-Moscow Regional Airport,Pullman,WA,medium_airport,yes,46.741601,-117.11163,2556.0,4914.0
PVC,Provincetown Municipal Airport,Provincetown,MA,small_airport,no,42.0718994141,-70.2213973999,9.0,103.0
PVD,Rhode Island T. F. Green International Airport,Providence/Warwick,RI,large_airport,yes,41.725038,-71.425668,55.0,110462.0
PVU,Provo Municipal Airport,Provo,UT,medium_airport,yes,40.218894,-111.722445,4497.0,14684.0
PWM,Portland International Jetport,Portland,ME,large_airport,yes,43.646198,-70.309303,76.0,60037.0
RAP,Rapid City Regional Airport,Rapid City,SD,medium_airport,yes,44.0452995300293,-103.05699920654295,3204.0,17176.0
RDD,Redding Municipal Airport,Redding,CA,medium_airport,yes,40.50899887,-122.2929993,505.0,6938.0
RDM,Roberts Field,Redmond,OR,medium_airport,yes,44.254101,-121.150002,3080.0,32302.0
RDU,Raleigh-Durham International Airport,Raleigh/Durham,NC,large_airport,yes,35.878659,-78.7873,435.0,359980.0
RFD,Chicago Rockford International Airport,Chicago/Rockford,IL,medium_airport,yes,42.1954,-89.097198,742.0,9741.0
RHI,Rhinelander Oneida County Airport,Rhinelander,WI,medium_airport,yes,45.63119888305664,-89.46749877929688,1624.0,1411.0
RIC,Richmond International Airport,Richmond,VA,large_airport,yes,37.505199,-77.319702,167.0,134556.0
RIW,Central Wyoming Regional Airport,Riverton,WY,medium_airport,yes,43.064201,-108.459999,5525.0,756.0
RKD,Knox County Regional Airport,Rockland,ME,medium_airport,yes,44.060101,-69.099197,56.0,103.0
RKS,Southwest Wyoming Regional Airport,Rock Springs,WY,medium_airport,yes,41.5942,-109.065001,6764.0,882.0
RNO,Reno Tahoe International Airport,Reno,NV,large_airport,yes,39.4991,-119.767998,4415.0,117293.0
ROA,Roanoke–Blacksburg Regional Airport,Roanoke,VA,medium_airport,yes,37.3255,-79.975403,1175.0,18411.0
ROC,Frederick Douglass Greater Rochester International Airport,Rochester,NY,large_airport,yes,43.1189,-77.672401,559.0,79221.0
ROW,Roswell Air Center Airport,Roswell,NM,medium_airport,yes,33.301601,-104.530998,3671.0,3684.0
RST,Rochester International Airport,Rochester,MN,medium_airport,yes,43.908298,-92.5,1317.0,5285.0
RSW,Southwest Florida International Airport,Fort Myers,FL,large_airport,yes,26.534685,-81.752816,30.0,237339.0
RUT,Rutland - Southern Vermont Regional Airport,Rutland,VT,medium_airport,yes,43.5294,-72.9496,787.0,155.0
SAF,Santa Fe Municipal Airport,Santa Fe,NM,medium_airport,yes,35.6171,-106.088997,6348.0,5839.0
SAN,San Diego International Airport,San Diego,CA,large_airport,yes,32.733601,-117.190002,17.0,605311.0
SAT,San Antonio International Airport,San Antonio,TX,large_airport,yes,29.533701,-98.469803,809.0,270392.0
SAV,Savannah Hilton Head International Airport,Savannah,GA,large_airport,yes,32.126591,-81.19998,50.0,83336.0
MQT,Marquette/Sawyer International Airport,Gwinn,MI,medium_airport,yes,46.351498,-87.395884,1221.0,2556.0
SBA,Santa Barbara Municipal Airport,Santa Barbara,CA,medium_airport,yes,34.426201,-119.839996,13.0,36934.0
SBD,San Bernardino International Airport,San Bernardino,CA,large_airport,yes,34.096717,-117.236596,1159.0,641.0
SBN,South Bend International Airport,South Bend,IN,medium_airport,yes,41.708304,-86.316922,799.0,24742.0
SBP,San Luis County Regional Airport,San Luis Obispo,CA,medium_airport,yes,35.236801147499996,-120.641998291,212.0,16825.0
SBY,Salisbury Ocean City Wicomico Regional Airport,Salisbury,MD,medium_airport,yes,38.34049987792969,-75.51029968261719,52.0,3266.0
SCK,Stockton Metropolitan Airport,Stockton,CA,medium_airport,yes,37.893279,-121.238079,33.0,6302.0
SDF,Louisville Muhammad Ali International Airport,Louisville,KY,large_airport,yes,38.1706,-85.735076,501.0,119845.0
SDY,Sidney - Richland Regional Airport,Sidney,MT,medium_airport,yes,47.705141,-104.194422,1985.0,45.0
SEA,Seattle–Tacoma International Airport,Seattle,WA,large_airport,yes,47.447943,-122.310276,433.0,908387.0
SFB,Orlando Sanford International Airport,Orlando,FL,large_airport,yes,28.774277,-81.234626,55.0,54985.0
SFO,San Francisco International Airport,San Francisco,CA,large_airport,yes,37.619806,-122.374821,13.0,820323.0
SGF,Springfield Branson National Airport,Springfield,MO,medium_airport,yes,37.245047,-93.388596,1268.0,31850.0
SGU,St George Regional Airport,St George,UT,medium_airport,yes,37.036389,-113.510306,2941.0,7263.0
SHD,Shenandoah Valley Regional Airport,Weyers Cave,VA,medium_airport,yes,38.263802,-78.8964,1201.0,438.0
SHR,Sheridan County Airport,Sheridan,WY,medium_airport,yes,44.76919937133789,-106.9800033569336,4021.0,1361.0
SHV,Shreveport Regional Airport,Shreveport,LA,medium_airport,yes,32.444747,-93.826741,258.0,16648.0
SJC,Norman Y. Mineta San Jose International Airport,San Jose,CA,large_airport,yes,37.362452,-121.929188,62.0,325744.0
SJT,San Angelo Regional Mathis Field,San Angelo,TX,medium_airport,yes,31.35770034790039,-100.49600219726562,1919.0,3592.0
SLC,Salt Lake City International Airport,Salt Lake City,UT,large_airport,yes,40.78886,-111.979866,4227.0,464454.0
SLK,Adirondack Regional Airport,Saranac Lake,NY,medium_airport,yes,44.38691,-74.204629,1663.0,73.0
SLN,Salina Municipal Airport,Salina,KS,medium_airport,yes,38.79100036621094,-97.6521987915039,1288.0,742.0
SMF,Sacramento International Airport,Sacramento,CA,large_airport,yes,38.6954,-121.591003,27.0,390303.0
SMX,Santa Maria Public Airport Captain G Allan Hancock Field,Santa Maria,CA,medium_airport,yes,34.898899,-120.457001,261.0,1256.0
SNA,John Wayne Orange County International Airport,Santa Ana,CA,large_airport,yes,33.675063,-117.869281,56.0,306901.0
SOW,Show Low Regional Airport,Show Low,AZ,medium_airport,yes,34.264062,-110.007091,6415.0,46.0
SPI,Abraham Lincoln Capital Airport,Springfield,IL,medium_airport,yes,39.844101,-89.677902,598.0,5188.0
SPS,Wichita Falls Municipal Airport / Sheppard Air Force Base,Wichita Falls,TX,medium_airport,yes,33.9888,-98.491898,1019.0,1879.0
SRQ,Sarasota Bradenton International Airport,Sarasota/Bradenton,FL,large_airport,yes,27.394631,-82.554359,30.0,92942.0
STC,Saint Cloud Regional Airport,Saint Cloud,MN,medium_airport,yes,45.5466,-94.059898,1031.0,1649.0
STL,St. Louis Lambert International Airport,St Louis,MO,large_airport,yes,38.748697,-90.370003,618.0,341165.0
STS,Charles M. Schulz Sonoma County Airport,Santa Rosa,CA,medium_airport,yes,38.50899887,-122.8130035,128.0,18980.0
SUN,Friedman Memorial Airport,Hailey,ID,medium_airport,yes,43.50439835,-114.2959976,5318.0,4464.0
SUX,Sioux Gateway Airport / Brigadier General Bud Day Field,Sioux City,IA,medium_airport,yes,42.397605,-96.382237,1098.0,968.0
SWF,New York Stewart International Airport,Newburgh,NY,medium_airport,yes,41.50421,-74.108901,491.0,10143.0
SWO,Stillwater Regional Airport,Stillwater,OK,medium_airport,yes,36.162132,-97.085581,1000.0,1846.0
SYR,Syracuse Hancock International Airport,Syracuse,NY,large_airport,yes,43.11119842529297,-76.1063003540039,421.0,85638.0
TBN,Waynesville-St. Robert Regional Airport-Forney Field,Fort Leonard Wood,MO,medium_airport,yes,37.7416,-92.140701,1159.0,287.0
TEX,Telluride Regional Airport,Telluride,CO,medium_airport,yes,37.9538,-107.907997,9070.0,171.0
TLH,Tallahassee International Airport,Tallahassee,FL,medium_airport,yes,30.401209,-84.35433,81.0,23763.0
TOL,Eugene F. Kranz Toledo Express Airport,Toledo,OH,medium_airport,yes,41.5868,-83.8078,683.0,6059.0
TPA,Tampa International Airport,Tampa,FL,large_airport,yes,27.9755,-82.533203,26.0,547506.0
TRI,Tri-Cities Regional TN/VA Airport,Blountville,TN,medium_airport,yes,36.475201,-82.407401,1519.0,11827.0
TTN,Trenton Mercer Airport,Ewing Township,NJ,medium_airport,yes,40.276699,-74.813499,213.0,29090.0
TUL,Tulsa International Airport,Tulsa,OK,large_airport,yes,36.197084,-95.886225,677.0,92688.0
TUP,Tupelo Regional Airport,Tupelo,MS,medium_airport,yes,34.26810073852539,-88.7698974609375,346.0,112.0
TUS,Tucson International Airport,Tucson,AZ,large_airport,yes,32.115004,-110.938053,2643.0,100275.0
TVC,Cherry Capital Airport,Traverse City,MI,medium_airport,yes,44.741402,-85.582199,624.0,16513.0
TVF,Thief River Falls Regional Airport,Thief River Falls,MN,medium_airport,yes,48.065701,-96.184998,1119.0,61.0
TWF,Joslin Field Magic Valley Regional Airport,Twin Falls,ID,medium_airport,yes,42.4818,-114.487999,4154.0,1247.0
TXK,Texarkana Regional Airport (Webb Field),Texarkana,AR,medium_airport,yes,33.453701,-93.990997,390.0,2498.0
TYR,Tyler Pounds Regional Airport,Tyler,TX,medium_airport,yes,32.35409927368164,-95.40239715576172,544.0,2934.0
TYS,McGhee Tyson Airport,Knoxville/Maryville,TN,large_airport,yes,35.811001,-83.994003,981.0,71373.0
UIN,Quincy Regional Airport Baldwin Field,Quincy,IL,medium_airport,yes,39.942699,-91.194603,768.0,150.0
SCE,State College Regional Airport,State College,PA,medium_airport,yes,40.849374,-77.84852,1239.0,7223.0
VCT,Victoria Regional Airport,Victoria,TX,medium_airport,yes,28.85260009765625,-96.9185028076172,115.0,442.0
VEL,Vernal Regional Airport,Vernal,UT,medium_airport,yes,40.436214,-109.511661,5278.0,543.0
VLD,Valdosta Regional Airport,Valdosta,GA,medium_airport,yes,30.782499313354492,-83.27670288085938,203.0,2505.0
VPS,Destin-Fort Walton Beach Airport,Valparaiso,FL,medium_airport,yes,30.481315,-86.515839,87.0,38873.0
WYS,Yellowstone Airport,West Yellowstone,MT,medium_airport,yes,44.6884,-111.117996,6649.0,282.0
XNA,Northwest Arkansas National Airport,Fayetteville/Springdale/Rogers,AR,medium_airport,yes,36.281898,-94.306801,1287.0,50123.0
XWA,Williston Basin International Airport,Williston,ND,medium_airport,yes,48.260863,-103.75116,2344.0,4538.0
YKM,Yakima Air Terminal McAllister Field,Yakima,WA,medium_airport,yes,46.56819916,-120.5439987,1099.0,2684.0
BET,Bethel Airport,Bethel,AK,medium_airport,yes,60.77980042,-161.8379974,126.0,5918.0
BRW,Wiley Post Will Rogers Memorial Airport,Utqiaġvik,AK,medium_airport,yes,71.285402,-156.766008,44.0,2190.0
CDB,Cold Bay Airport,Cold Bay,AK,medium_airport,yes,55.207871,-162.725029,96.0,7.0
CDV,Merle K (Mudhole) Smith Airport,Cordova,AK,medium_airport,yes,60.491798,-145.477997,54.0,1057.0
ADK,Adak Airport,Adak,AK,medium_airport,yes,51.883564,-176.642783,18.0,82.0
DLG,Dillingham Airport,Dillingham,AK,medium_airport,yes,59.04470062,-158.5050049,81.0,1673.0
ADQ,Kodiak Airport,Kodiak,AK,medium_airport,yes,57.75,-152.4940033,78.0,4298.0
DUT,Tom Madsen (Dutch Harbor) Airport,Unalaska,AK,medium_airport,yes,53.89881,-166.544996,22.0,231.0
ENA,Kenai Municipal Airport,Kenai,AK,medium_airport,yes,60.570946,-151.245174,99.0,124.0
FAI,Fairbanks International Airport,Fairbanks,AK,medium_airport,yes,64.815102,-147.856003,439.0,29872.0
GST,Gustavus Airport,Gustavus,AK,medium_airport,yes,58.4253006,-135.7070007,35.0,231.0
SGY,Skagway Airport,Skagway,AK,small_airport,yes,59.460343,-135.316651,44.0,10.0
HNS,Haines Airport,Haines,AK,medium_airport,yes,59.243921,-135.523925,15.0,1.0
HOM,Homer Airport,Homer,AK,medium_airport,yes,59.644456,-151.479235,84.0,66.0
JNU,Juneau International Airport,Juneau,AK,medium_airport,yes,58.354935,-134.574416,21.0,16351.0
AKN,King Salmon Airport,King Salmon,AK,medium_airport,yes,58.677845,-156.651965,73.0,1172.0
KTN,Ketchikan International Airport,Ketchikan,AK,medium_airport,yes,55.35559845,-131.7140045,89.0,6606.0
ANC,Ted Stevens Anchorage International Airport,Anchorage,AK,large_airport,yes,61.179004,-149.992561,152.0,124301.0
ANI,Aniak Airport,Aniak,AK,medium_airport,yes,61.581600189208984,-159.54299926757812,88.0,1.0
HNH,Hoonah Airport,Hoonah,AK,small_airport,yes,58.0961,-135.410111,19.0,1.0
OME,Nome Airport,Nome,AK,medium_airport,yes,64.51219940185547,-165.44500732421875,37.0,2641.0
OTZ,Ralph Wien Memorial Airport,Kotzebue,AK,medium_airport,yes,66.88469696,-162.598999,14.0,2457.0
PSG,Petersburg James A Johnson Airport,Petersburg,AK,medium_airport,yes,56.80170059,-132.9450073,111.0,1312.0
SCC,Deadhorse Airport,Deadhorse,AK,medium_airport,yes,70.19470215,-148.4649963,65.0,1324.0
SDP,Sand Point Airport,Sand Point,AK,medium_airport,yes,55.313908,-160.522099,21.0,4.0
SIT,Sitka Rocky Gutierrez Airport,Sitka,AK,medium_airport,yes,57.04710006713867,-135.36199951171875,21.0,4466.0
KSM,St Mary's Airport,St Mary's,AK,small_airport,yes,62.060501,-163.302002,312.0,2.0
SNP,St Paul Island Airport,St Paul Island,AK,medium_airport,yes,57.166311,-170.222555,63.0,3.0
VDZ,Valdez Pioneer Field,Valdez,AK,medium_airport,yes,61.132712,-146.246567,121.0,13.0
WRG,Wrangell Airport,Wrangell,AK,medium_airport,yes,56.48429871,-132.3699951,49.0,823.0
YAK,Yakutat Airport,Yakutat,AK,medium_airport,yes,59.508717,-139.660435,33.0,447.0
HNM,Hana Airport,Hana,HI,medium_airport,yes,20.795601,-156.014008,78.0,1.0
JHM,Kapalua Airport,Lahaina,HI,medium_airport,yes,20.9629,-156.673004,256.0,6.0
KOA,Ellison Onizuka Kona International Airport at Keāhole,Kailua-Kona,HI,large_airport,yes,19.738783,-156.045603,47.0,76572.0
LIH,Lihue Airport,"Lihue, Kauai",HI,large_airport,yes,21.974393,-159.337146,153.0,66609.0
MKK,Molokai Airport,Kaunakakai,HI,medium_airport,yes,21.152901,-157.095993,454.0,20.0
HNL,Daniel K. Inouye International Airport,"Honolulu, Oahu",HI,large_airport,yes,21.318387,-157.92567,13.0,345472.0
LNY,Lanai Airport,Lanai City,HI,medium_airport,yes,20.785675,-156.951324,1308.0,7.0
OGG,Kahului International Airport,Kahului,HI,large_airport,yes,20.896263,-156.431837,54.0,129400.0
ITO,Hilo International Airport,Hilo,HI,medium_airport,yes,19.72135,-155.045428,38.0,35787.0
